{"cameraMode":{"drawMode":0,"name":"Shaded","section":"Shading Mode"},"sceneLighting":true,"audioPlay":false,"sceneViewState":{"m_AlwaysRefresh":false,"showFog":true,"showSkybox":true,"showFlares":true,"showImageEffects":true,"showParticleSystems":true,"showVisualEffectGraphs":true,"m_FxEnabled":true},"in2DMode":false,"pivot":{"x":2.793243408203125,"y":-1.0957536697387696,"z":6.375062942504883},"rotation":{"x":0.3212299346923828,"y":-0.29661309719085696,"z":0.10671046376228333,"w":0.8930100798606873},"size":10.490201950073243,"orthographic":false}